"name","stars"
"donnemartin/system-design-primer","212k"
"tensorflow/tensorflow","171k"
"CyC2018/CS-Notes","162k"
"vinta/awesome-","158k"
"ohmyzsh/ohmyzsh","156k"
"TheAlgorithms/","154k"
"jackfrued/","131k"
"huggingface/transformers","82.2k"
"nvbn/thefuck","75.9k"
"django/django","68.9k"
"django/django","68.9k"
"521xueweihan/HelloGitHub","65.3k"
"pytorch/pytorch","63.1k"
"pallets/flask","62k"
"home-assistant/core","58.3k"
"keras-team/keras","57.4k"
"ansible/ansible","56.4k"
"tiangolo/fastapi","54.8k"
"scikit-learn/scikit-learn","53.1k"
"python/cpython","50.8k"
"ageitgey/face_recognition","47.4k"
"fighting41love/funNLP","47k"
"localstack/localstack","46k"
"microsoft/ML-For-Beginners","44.9k"
"aymericdamien/TensorFlow-Examples","42.6k"
"Textualize/rich","42.2k"
"ryanoasis/nerd-fonts","41.8k"
"yt-dlp/yt-dlp","40.8k"
"Avik-Jain/100-Days-Of-ML-Code","39.8k"
"sherlock-project/sherlock","39.3k"
"yt-dlp/yt-dlp","40.8k"
"bregman-arie/devops-exercises","40.3k"
"Avik-Jain/100-Days-Of-ML-Code","39.8k"
"CorentinJ/Real-Time-Voice-Cloning","39.5k"
"sherlock-project/sherlock","39.3k"
"d2l-ai/d2l-zh","38.9k"
"jakevdp/","37.6k"
"grpc/grpc","37.1k"
"faif/","36.7k"
"youngyangyang04/leetcode-master","35.8k"
"apache/spark","35.1k"
"apachecn/ailearning","34.7k"
"serhii-londar/open-source-mac-os-apps","34.2k"
"getsentry/sentry","33.3k"
"GokuMohandas/Made-With-ML","32.6k"
"satwikkansal/wtfpython","32.4k"
"gto76/","31.7k"
"psf/black","31.4k"
"blueimp/jQuery-File-Upload","31.1k"
"pyenv/pyenv","30.7k"
"odoo/odoo","28.2k"
"ccxt/ccxt","27.4k"
"geekcomputers/","27.2k"
"donnemartin/interactive-coding-challenges","26.9k"
"httpie/httpie","26.5k"
"sqlmapproject/sqlmap","26.2k"
"realpython/","25.9k"
"SeleniumHQ/selenium","25.9k"
"jobbole/awesome-","25.9k"
"CamDavidsonPilon/Probabilistic-Programming-and-Bayesian-Methods-for-Hackers","25.3k"
"donnemartin/interactive-coding-challenges","26.9k"
"httpie/httpie","26.5k"
"sqlmapproject/sqlmap","26.2k"
"realpython/","25.9k"
"SeleniumHQ/selenium","25.9k"
"jobbole/awesome-","25.9k"
"CamDavidsonPilon/Probabilistic-Programming-and-Bayesian-Methods-for-Hackers","25.3k"
"explosion/spaCy","25.3k"
"encode/django-rest-framework","25k"
"ageron/handson-ml","25k"
"google/","24k"
"dmlc/xgboost","23.8k"
"python-poetry/poetry","23.8k"
"pypa/pipenv","23.6k"
"fastai/fastai","23.4k"
"Pierian-Data/Complete-","23.1k"
"Ebazhanov/linkedin-skill-assessments-quizzes","23k"
"numpy/numpy","22.8k"
"getredash/redash","22.7k"
"zhiwehu/","22.6k"
"Pierian-Data/Complete-","23.1k"
"Ebazhanov/linkedin-skill-assessments-quizzes","23k"
"streamlit/streamlit","22.8k"
"numpy/numpy","22.8k"
"getredash/redash","22.7k"
"zhiwehu/","22.6k"
"StevenBlack/hosts","22.4k"
"nicolargo/glances","22.3k"
"taichi-dev/taichi","22.3k"
"keon/algorithms","22.2k"
"Asabeneh/30-Days-Of-","19.2k"
"cookiecutter/cookiecutter","19k"
"wesm/pydata-book","18.9k"
"dennybritz/reinforcement-learning","18.7k"
"facert/awesome-spider","18.7k"
"oracle/graal","18.2k"
"plotly/dash","18.1k"
"saleor/saleor","18.1k"
"microsoft/Data-Science-For-Beginners","18k"
"spmallick/learnopencv","18k"
"PaddlePaddle/Paddle","19.6k"
"MLEveryday/100-Days-Of-ML-Code","19.5k"
"OpenBB-finance/OpenBBTerminal","19.3k"
"GitHubDaily/GitHubDaily","19.3k"
"Asabeneh/30-Days-Of-","19.2k"
"wesm/pydata-book","18.9k"
"dennybritz/reinforcement-learning","18.7k"
"facert/awesome-spider","18.7k"
"oracle/graal","18.2k"
"plotly/dash","18.1k"
"Asabeneh/30-Days-Of-","19.2k"
"cookiecutter/cookiecutter","19k"
"wesm/pydata-book","18.9k"
"dennybritz/reinforcement-learning","18.7k"
"facert/awesome-spider","18.7k"
"oracle/graal","18.2k"
"plotly/dash","18.1k"
"saleor/saleor","18.1k"
"microsoft/Data-Science-For-Beginners","18k"
"spmallick/learnopencv","18k"
"bokeh/bokeh","17.3k"
"zulip/zulip","17.2k"
"JaidedAI/EasyOCR","17.1k"
"jhao104/proxy_pool","17.1k"
"matplotlib/matplotlib","16.9k"
"LAION-AI/Open-Assistant","16.9k"
"sanic-org/sanic","16.9k"
"fchollet/deep-learning-with-","16.5k"
"spotify/luigi","16.3k"
"reddit-archive/reddit","16.3k"
"JaidedAI/EasyOCR","17.1k"
"jhao104/proxy_pool","17.1k"
"matplotlib/matplotlib","16.9k"
"LAION-AI/Open-Assistant","16.9k"
"sanic-org/sanic","16.9k"
"d2l-ai/d2l-en","16.6k"
"fchollet/deep-learning-with-","16.5k"
"spotify/luigi","16.3k"
"reddit-archive/reddit","16.3k"
"instillai/TensorFlow-Course","16.3k"
"InstaPy/InstaPy","15.1k"
"imarvinle/awesome-cs-books","15.1k"
"python/mypy","14.9k"
"Kr1s77/awesome-","14.9k"
"wting/autojump","14.7k"
"nim-lang/Nim","14.7k"
"microsoft/LightGBM","14.7k"
"kovidgoyal/calibre","14.5k"
"twintproject/twint","14.4k"
"pola-rs/polars","14.4k"
"xbmc/xbmc","15.4k"
"ArchiveBox/ArchiveBox","15.2k"
"pulumi/pulumi","15.2k"
"microsoft/recommenders","15.1k"
"InstaPy/InstaPy","15.1k"
"imarvinle/awesome-cs-books","15.1k"
"python/mypy","14.9k"
"Kr1s77/awesome-","14.9k"
"wting/autojump","14.7k"
"microsoft/LightGBM","14.7k"
"pyecharts/pyecharts","13.2k"
"ManimCommunity/manim","13.2k"
"google/yapf","13.1k"
"saltstack/salt","13.1k"
"gradio-app/gradio","13k"
"plotly/plotly.py","13k"
"psf/requests-html","13k"
"RunaCapital/awesome-oss-alternatives","12.9k"
"dragen1860/Deep-Learning-with-TensorFlow-book","12.9k"
"frappe/erpnext","12.9k"
"virgili0/Virgilio","13.4k"
"aio-libs/aiohttp","13.3k"
"rlabbe/Kalman-and-Bayesian-Filters-in-","13.3k"
"CoatiSoftware/Sourcetrail","13.3k"
"pyecharts/pyecharts","13.2k"
"ManimCommunity/manim","13.2k"
"google/yapf","13.1k"
"saltstack/salt","13.1k"
"gradio-app/gradio","13k"
"plotly/plotly.py","13k"
"google/yapf","13.1k"
"saltstack/salt","13.1k"
"gradio-app/gradio","13k"
"plotly/plotly.py","13k"
"psf/requests-html","13k"
"gunthercox/ChatterBot","12.9k"
"RunaCapital/awesome-oss-alternatives","12.9k"
"dragen1860/Deep-Learning-with-TensorFlow-book","12.9k"
"frappe/erpnext","12.9k"
"deeplearning4j/deeplearning4j","12.8k"
"searx/searx","12.6k"
"microsoft/nni","12.5k"
"codelucas/newspaper","12.5k"
"Rapptz/discord.py","12.3k"
"networkx/networkx","12.3k"
"pybind/pybind11","12.2k"
"Python-World/","12.2k"
"ShangtongZhang/reinforcement-learning-an-introduction","12.1k"
"netbox-community/netbox","12.1k"
"waditu/tushare","12k"
"pydantic/pydantic","12.6k"
"sivel/speedtest-cli","12.6k"
"searx/searx","12.6k"
"microsoft/nni","12.5k"
"codelucas/newspaper","12.5k"
"Rapptz/discord.py","12.3k"
"networkx/networkx","12.3k"
"pybind/pybind11","12.2k"
"Python-World/","12.2k"
"ShangtongZhang/reinforcement-learning-an-introduction","12.1k"
"albumentations-team/albumentations","11.6k"
"meolu/walle-web","11.6k"
"SFTtech/openage","11.6k"
"nltk/nltk","11.6k"
"Ciphey/Ciphey","11.5k"
"wifiphisher/wifiphisher","11.5k"
"postmanlabs/httpbin","11.5k"
"kitao/pyxel","11.4k"
"forthespada/CS-Books","11.4k"
"getpelican/pelican","11.4k"
"apple/turicreate","10.9k"
"dbcli/pgcli","10.9k"
"ctgk/PRML","10.9k"
"scipy/scipy","10.9k"
"threat9/routersploit","10.9k"
"spotify/annoy","10.8k"
"dbcli/mycli","10.8k"
"dask/dask","10.8k"
"apachecn/apachecn-algo-zh","10.7k"
"fortra/impacket","10.7k"
"postmanlabs/httpbin","11.5k"
"beetbox/beets","11.5k"
"kitao/pyxel","11.4k"
"forthespada/CS-Books","11.4k"
"getpelican/pelican","11.4k"
"allenai/allennlp","11.4k"
"PrefectHQ/prefect","11.4k"
"PySimpleGUI/PySimpleGUI","11.3k"
"redis/redis-py","11.2k"
"tiangolo/full-stack-fastapi-postgresql","11.2k"
"benoitc/gunicorn","8.8k"
"rq/rq","8.8k"
"MrS0m30n3/youtube-dl-gui","8.7k"
"keras-team/autokeras","8.7k"
"30-seconds/30-seconds-of-","8.7k"
"httpie/http-prompt","8.7k"
"Yorko/mlcourse.ai","8.6k"
"squeaky-pl/japronto","8.6k"
"OpenMined/PySyft","8.6k"
"coqui-ai/TTS","8.6k"
"cookiecutter/cookiecutter-django","10.2k"
"chiphuyen/stanford-tensorflow-tutorials","10.2k"
"bloomberg/memray","10.2k"
"Zulko/moviepy","10.1k"
"encode/httpx","10.1k"
"mementum/backtrader","10.1k"
"amusi/CVPR2022-Papers-with-Code","10.1k"
"pyinstaller/pyinstaller","10k"
"caprover/caprover","10k"
"rougier/numpy-100","9.9k"
"matrix-org/synapse","10.6k"
"google/grumpy","10.6k"
"python-pillow/Pillow","10.5k"
"tiangolo/typer","10.5k"
"MorvanZhou/tutorials","10.5k"
"mwaskom/seaborn","10.4k"
"microsoft/qlib","10.4k"
"ydataai/ydata-profiling","10.2k"
"cookiecutter/cookiecutter-django","10.2k"
"chiphuyen/stanford-tensorflow-tutorials","10.2k"
"pyodide/pyodide","9.6k"
"bbfamily/abu","9.6k"
"smartcontractkit/full-blockchain-solidity-course-py","9.6k"
"arthurspk/guiadevbrasil","9.6k"
"darknessomi/musicbox","9.6k"
"aws/chalice","9.5k"
"tweepy/tweepy","9.5k"
"x-hw/amazing-qr","9.5k"
"ritchieng/the-incredible-pytorch","9.4k"
"tiangolo/sqlmodel","9.4k"
"pytest-dev/pytest","9.8k"
"pre-commit/pre-commit","9.8k"
"coleifer/peewee","9.8k"
"harelba/q","9.8k"
"wkentaro/labelme","9.8k"
"qeeqbox/social-analyzer","9.8k"
"codota/TabNine","9.8k"
"microsoft/pyright","9.8k"
"benfred/py-spy","9.8k"
"airbytehq/airbyte","9.7k"
"hoffstadt/DearPyGui","9.7k"
"Theano/Theano","9.7k"
"pyodide/pyodide","9.6k"
"bbfamily/abu","9.6k"
"smartcontractkit/full-blockchain-solidity-course-py","9.6k"
"arthurspk/guiadevbrasil","9.6k"
"darknessomi/musicbox","9.6k"
"aws/chalice","9.5k"
"tweepy/tweepy","9.5k"
"x-hw/amazing-qr","9.5k"
"ritchieng/the-incredible-pytorch","9.4k"
"tiangolo/sqlmodel","9.4k"
"s0md3v/Photon","9.4k"
"sfyc23/EverydayWechat","9.4k"
"amueller/word_cloud","9.3k"
"maurosoria/dirsearch","9.3k"
"fastai/numerical-linear-algebra","9.2k"
"smicallef/spiderfoot","9.2k"
"kanaka/mal","9.2k"
"MagicStack/uvloop","9.2k"
"rougier/scientific-visualization-book","8.8k"
"lk-geimfari/awesomo","8.8k"
"benoitc/gunicorn","8.8k"
"AkashSingh3031/The-Complete-FAANG-Preparation","8.8k"
"rq/rq","8.8k"
"ludwig-ai/ludwig","8.8k"
"MrS0m30n3/youtube-dl-gui","8.7k"
"assimp/assimp","8.7k"
"30-seconds/30-seconds-of-","8.7k"
"httpie/http-prompt","8.7k"
"pallets/jinja","9.1k"
"falconry/falcon","9k"
"ranaroussi/yfinance","9k"
"coursera-dl/coursera-dl","9k"
"charliermarsh/ruff","9k"
"EpistasisLab/tpot","9k"
"microsoft/computervision-recipes","8.8k"
"seatgeek/fuzzywuzzy","8.8k"
"tennc/webshell","8.8k"
"rougier/scientific-visualization-book","8.8k"
"lk-geimfari/awesomo","8.8k"
"benoitc/gunicorn","8.8k"
"AkashSingh3031/The-Complete-FAANG-Preparation","8.8k"
"rq/rq","8.8k"
"ludwig-ai/ludwig","8.8k"
"MrS0m30n3/youtube-dl-gui","8.7k"
"keras-team/autokeras","8.7k"
"assimp/assimp","8.7k"
"30-seconds/30-seconds-of-","8.7k"
"httpie/http-prompt","8.7k"
"pyroscope-io/pyroscope","7.1k"
"simonw/datasette","7.1k"
"benbusby/whoogle-search","7.1k"
"awsdocs/aws-doc-sdk-examples","7.1k"
"jupyterhub/jupyterhub","7.1k"
"ipkn/crow","7.1k"
"ajenti/ajenti","7k"
"Jack-Cherish/Machine-Learning","7k"
"deepset-ai/haystack","7k"
"Porchetta-Industries/CrackMapExec","7k"
"xonsh/xonsh","6.8k"
"matplotlib/cheatsheets","6.8k"
"rasbt/","6.8k"
"Jack-Cherish/","6.7k"
"firmai/industry-machine-learning","6.7k"
"mozilla/TTS","6.7k"
"hugapi/hug","6.7k"
"houtianze/bypy","6.7k"
"cupy/cupy","6.7k"
"xianhu/Learn","6.7k"
"arrow-py/arrow","8.2k"
"statsmodels/statsmodels","8.2k"
"hardikvasa/google-images-download","8.2k"
"krahets/hello-algo","8.2k"
"DeviaVir/zenbot","8.2k"
"paramiko/paramiko","8.2k"
"prompt-toolkit/","8.2k"
"soxoj/maigret","8.1k"
"kedro-org/kedro","8.1k"
"isl-org/Open3D","8.1k"
"laramies/theHarvester","8.1k"
"injetlee/","8.1k"
"microsoft/playwright-","8.1k"
"altair-viz/altair","8.1k"
"wangshub/Douyin-Bot","8.1k"
"pytube/pytube","8.1k"
"miguelgrinberg/flasky","8.1k"
"beautify-web/js-beautify","8k"
"apachecn/Interview","8k"
"fail2ban/fail2ban","8k"
"donnemartin/gitsome","7.4k"
"jackzhenguo/","7.4k"
"doccano/doccano","7.4k"
"kivy/","7.4k"
"a1studmuffin/SpaceshipGenerator","7.3k"
"pymc-devs/pymc","7.3k"
"dvf/blockchain","7.3k"
"MorvanZhou/PyTorch-Tutorial","7.3k"
"lazyprogrammer/machine_learning_examples","7.3k"
"OctoPrint/OctoPrint","7.2k"
"python-visualization/folium","6.1k"
"GoogleCloudPlatform/","6.1k"
"lining0806/","6.1k"
"mahmoud/boltons","6.1k"
"kellyjonbrazil/jc","6.1k"
"domlysz/BlenderGIS","6k"
"akfamily/akshare","6k"
"pypa/pipx","6k"
"jvns/pandas-cookbook","6k"
"b-ryan/powerline-shell","6k"
"crazyguitar/pysheeet","7.6k"
"OlafenwaMoses/ImageAI","7.6k"
"caronc/apprise","7.5k"
"microsoft/c9-","7.5k"
"samshadwell/TrumpScript","7.5k"
"n1nj4sec/pupy","7.5k"
"TA-Lib/ta-lib-","7.5k"
"LonamiWebs/Telethon","7.5k"
"kyleconroy/sqlc","7.5k"
"readthedocs/readthedocs.org","7.5k"
"robinhood/faust","6.5k"
"stanfordnlp/stanza","6.5k"
"boto/boto","6.5k"
"brycedrennan/imaginAIry","6.5k"
"oldratlee/useful-scripts","6.5k"
"SerpentAI/SerpentAI","6.4k"
"marshmallow-code/marshmallow","6.4k"
"Netflix/metaflow","6.4k"
"saulpw/visidata","6.4k"
"googleapis/google-api-","6.3k"
"jackfrued/","6.9k"
"pycaret/pycaret","6.9k"
"instillai/machine-learning-course","6.9k"
"EZFNDEV/EZFN-Lobbybot","6.9k"
"EmpireProject/Empire","6.8k"
"sqlalchemy/sqlalchemy","6.8k"
"xonsh/xonsh","6.8k"
"Uberi/speech_recognition","6.8k"
"matplotlib/cheatsheets","6.8k"
"rasbt/","6.8k"
"firmai/industry-machine-learning","6.7k"
"mozilla/TTS","6.7k"
"hugapi/hug","6.7k"
"houtianze/bypy","6.7k"
"xianhu/Learn","6.7k"
"bregman-arie/devops-resources","6.7k"
"albertlauncher/albert","6.6k"
"gruns/icecream","6.6k"
"hyperopt/hyperopt","6.6k"
"dagster-io/dagster","6.6k"
"deepset-ai/haystack","7k"
"catboost/catboost","7k"
"Porchetta-Industries/CrackMapExec","7k"
"aimacode/aima-","7k"
"kennethreitz/records","6.9k"
"jackfrued/","6.9k"
"pycaret/pycaret","6.9k"
"instillai/machine-learning-course","6.9k"
"EZFNDEV/EZFN-Lobbybot","6.9k"
"EmpireProject/Empire","6.8k"
"lining0806/","6.1k"
"lancopku/pkuseg-","6.1k"
"mahmoud/boltons","6.1k"
"kellyjonbrazil/jc","6.1k"
"domlysz/BlenderGIS","6k"
"pypa/pipx","6k"
"jvns/pandas-cookbook","6k"
"google/latexify_py","6k"
"b-ryan/powerline-shell","6k"
"isnowfy/snownlp","6k"
"houtianze/bypy","6.7k"
"cupy/cupy","6.7k"
"xianhu/Learn","6.7k"
"bregman-arie/devops-resources","6.7k"
"jazzband/pip-tools","6.6k"
"albertlauncher/albert","6.6k"
"gruns/icecream","6.6k"
"hyperopt/hyperopt","6.6k"
"dagster-io/dagster","6.6k"
"pyeve/eve","6.6k"
"joeyespo/grip","5.9k"
"gevent/gevent","5.9k"
"donnemartin/dev-setup","5.9k"
"snare/voltron","5.9k"
"esphome/esphome","5.9k"
"wbt5/real-url","5.9k"
"Shougo/deoplete.nvim","5.9k"
"tangyudi/Ai-Learn","5.8k"
"mwouts/jupytext","5.8k"
"PyGithub/PyGithub","5.8k"
"docker/docker-py","6.1k"
"1adrianb/face-alignment","6.1k"
"python-visualization/folium","6.1k"
"xiaolincoder/CS-Base","6.1k"
"GoogleCloudPlatform/","6.1k"
"lining0806/","6.1k"
"lancopku/pkuseg-","6.1k"
"kellyjonbrazil/jc","6.1k"
"domlysz/BlenderGIS","6k"
"akfamily/akshare","6k"
"jvns/pandas-cookbook","6k"
"google/latexify_py","6k"
"b-ryan/powerline-shell","6k"
"isnowfy/snownlp","6k"
"worldveil/dejavu","6k"
"shmilylty/OneForAll","6k"
"codebasics/py","6k"
"volatilityfoundation/volatility","6k"
"linkedin/school-of-sre","6k"
"satellite-image-deep-learning/techniques","6k"
"lutris/lutris","6.2k"
"aws/aws-sam-cli","6.2k"
"Datalux/Osintgram","6.2k"
"k4yt3x/video2x","6.2k"
"spesmilo/electrum","6.2k"
"encode/uvicorn","6.2k"
"MycroftAI/mycroft-core","6.2k"
"h2oai/h2o-3","6.2k"
"docker/docker-py","6.1k"
"1adrianb/face-alignment","6.1k"
"python-visualization/folium","6.1k"
"xiaolincoder/CS-Base","6.1k"
"GoogleCloudPlatform/","6.1k"
"lining0806/","6.1k"
"lancopku/pkuseg-","6.1k"
"mahmoud/boltons","6.1k"
"kellyjonbrazil/jc","6.1k"
"domlysz/BlenderGIS","6k"
"akfamily/akshare","6k"
"pypa/pipx","6k"
"twisted/twisted","5k"
"openatx/uiautomator2","5k"
"ZheC/Realtime_Multi-Person_Pose_Estimation","4.9k"
"pyston/pyston_v1","4.9k"
"miguelgrinberg/Flask-SocketIO","4.9k"
"Leo-G/Data-Science-Wiki","4.9k"
"hustcc/JS-Sorting-Algorithm","4.9k"
"minimaxir/textgenrnn","4.9k"
"mdbloice/Augmentor","4.9k"
"agronholm/apscheduler","4.9k"
"rhiever/Data-Analysis-and-Machine-Learning-Projects","5.5k"
"kubernetes-client/","5.5k"
"python-eel/Eel","5.5k"
"chyroc/WechatSogou","5.5k"
"arachnys/cabot","5.4k"
"unit8co/darts","5.4k"
"StackStorm/st2","5.4k"
"python-mode/","5.4k"
"pyenv/pyenv-virtualenv","5.4k"
"pyca/cryptography","5.4k"
"rfyiamcool/share_ppt","4.8k"
"kenwoodjw/","4.8k"
"garrettj403/SciencePlots","4.8k"
"quantopian/pyfolio","4.8k"
"cloudtools/troposphere","4.8k"
"apachecn/sklearn-doc-zh","4.8k"
"0x5e/wechat-deleted-friends","4.8k"
"c-bata/go-prompt","4.8k"
"ricequant/rqalpha","4.8k"
"PyCQA/pycodestyle","4.8k"
"michaelliao/learn-","5.8k"
"chainer/chainer","5.8k"
"pygame/pygame","5.7k"
"dformoso/machine-learning-mindmap","5.7k"
"vibora-io/vibora","5.7k"
"NicolasHug/Surprise","5.7k"
"py-why/dowhy","5.7k"
"theskumar/","5.7k"
"msiemens/tinydb","5.7k"
"librosa/librosa","5.7k"
"gorakhargosh/watchdog","5.7k"
"exaloop/codon","5.7k"
"PyCQA/isort","5.6k"
"persepolisdm/persepolis","5.6k"
"jerry-git/learn-","5.6k"
"serengil/deepface","5.6k"
"graphite-project/graphite-web","5.6k"
"yoshiko2/Movie_Data_Capture","5.6k"
"PipedreamHQ/pipedream","5.6k"
"encode/apistar","5.6k"
"TonyChen56/WeChatRobot","5.1k"
"DLR-RM/stable-baselines3","5k"
"Mr-xn/Penetration_Testing_POC","5k"
"MingchaoZhu/DeepLearning","5k"
"aidlearning/AidLearning-FrameWork","5k"
"navdeep-G/setup.py","5k"
"buildbot/buildbot","5k"
"DEAP/deap","5k"
"fogleman/Minecraft","5k"
"PyCQA/bandit","5k"
"sammchardy/","5.1k"
"martinblech/xmltodict","5.1k"
"TonyChen56/WeChatRobot","5.1k"
"DLR-RM/stable-baselines3","5k"
"Mr-xn/Penetration_Testing_POC","5k"
"MingchaoZhu/DeepLearning","5k"
"PyQt5/PyQt","5k"
"aidlearning/AidLearning-FrameWork","5k"
"navdeep-G/setup.py","5k"
"buildbot/buildbot","5k"
"DEAP/deap","5k"
"fogleman/Minecraft","5k"
"PyCQA/bandit","5k"
"stamparm/maltrail","5k"
"gaia-pipeline/gaia","5k"
"twisted/twisted","5k"
"euske/pdfminer","5k"
"alirezamika/autoscraper","5k"
"ZheC/Realtime_Multi-Person_Pose_Estimation","4.9k"
"pyston/pyston_v1","4.9k"
"liangliangyy/DjangoBlog","5.2k"
"python-trio/trio","5.2k"
"tyiannak/pyAudioAnalysis","5.1k"
"axa-group/Parsr","5.1k"
"joerick/pyinstrument","5.1k"
"dpkp/kafka-","5.1k"
"connorferster/handcalcs","5.1k"
"nteract/papermill","5.1k"
"donnemartin/saws","5.1k"
"sammchardy/","5.1k"
"miguelgrinberg/Flask-SocketIO","4.9k"
"Leo-G/Data-Science-Wiki","4.9k"
"phusion/passenger","4.9k"
"hustcc/JS-Sorting-Algorithm","4.9k"
"oppia/oppia","4.9k"
"minimaxir/textgenrnn","4.9k"
"mdbloice/Augmentor","4.9k"
"rfyiamcool/share_ppt","4.8k"
"kenwoodjw/","4.8k"
"garrettj403/SciencePlots","4.8k"
"rfyiamcool/share_ppt","4.8k"
"kenwoodjw/","4.8k"
"garrettj403/SciencePlots","4.8k"
"apptension/developer-handbook","4.8k"
"quantopian/pyfolio","4.8k"
"cloudtools/troposphere","4.8k"
"apachecn/sklearn-doc-zh","4.8k"
"0x5e/wechat-deleted-friends","4.8k"
"c-bata/go-prompt","4.8k"
"ricequant/rqalpha","4.8k"
"CharlesPikachu/Games","4.3k"
"Qix-/better-exceptions","4.3k"
"OmkarPathak/pygorithm","4.3k"
"PyImageSearch/imutils","4.3k"
"spotipy-dev/spotipy","4.3k"
"Alfred1984/interesting-","4.3k"
"cookiecutter-flask/cookiecutter-flask","4.3k"
"EZLippi/practical-programming-books","4.3k"
"schenkd/nginx-ui","4.3k"
"ijl/orjson","4.3k"
"michael-lazar/rtv","4.6k"
"Ultimaker/Cura","4.6k"
"indygreg/PyOxidizer","4.5k"
"astorfi/TensorFlow-World","4.5k"
"jpadilla/pyjwt","4.5k"
"jd/tenacity","4.5k"
"moranzcw/Computer-Networking-A-Top-Down-Approach-NOTES","4.5k"
"hylang/hy","4.5k"
"BrambleXu/pydata-notebook","4.5k"
"jesse-ai/jesse","4.5k"
"BrambleXu/pydata-notebook","4.5k"
"jesse-ai/jesse","4.5k"
"frappe/frappe","4.5k"
"Dujltqzv/Some-Many-Books","4.5k"
"MegEngine/MegEngine","4.5k"
"bottlesdevs/Bottles","4.5k"
"careercup/CtCI-6th-Edition-","4.4k"
"lux-org/lux","4.4k"
"wisdompeak/LeetCode","4.4k"
"vyperlang/vyper","4.4k"
"spec-first/connexion","4.2k"
"jaungiers/LSTM-Neural-Network-for-Time-Series-Prediction","4.2k"
"BoltzmannEntropy/interviews.ai","4.2k"
"pdfminer/pdfminer.six","4.2k"
"rsalmei/alive-progress","4.2k"
"pytoolz/toolz","4.2k"
"gnuradio/gnuradio","4.2k"
"intel-analytics/BigDL","4.2k"
"realpython/materials","4.1k"
"miguelgrinberg/microblog","4.1k"
"indygreg/PyOxidizer","4.5k"
"astorfi/TensorFlow-World","4.5k"
"jpadilla/pyjwt","4.5k"
"jd/tenacity","4.5k"
"Yixiaohan/codeparkshare","4.5k"
"moranzcw/Computer-Networking-A-Top-Down-Approach-NOTES","4.5k"
"hylang/hy","4.5k"
"BrambleXu/pydata-notebook","4.5k"
"jesse-ai/jesse","4.5k"
"nameko/nameko","4.5k"
"Ultimaker/Cura","4.6k"
"indygreg/PyOxidizer","4.5k"
"astorfi/TensorFlow-World","4.5k"
"jpadilla/pyjwt","4.5k"
"jd/tenacity","4.5k"
"Yixiaohan/codeparkshare","4.5k"
"moranzcw/Computer-Networking-A-Top-Down-Approach-NOTES","4.5k"
"hylang/hy","4.5k"
"BrambleXu/pydata-notebook","4.5k"
"jesse-ai/jesse","4.5k"
"pamoroso/free-","3.8k"
"rasbt/","3.8k"
"mongodb/mongo-","3.8k"
"PokemonGoF/PokemonGo-Bot","3.8k"
"google/open-location-code","3.8k"
"audreyfeldroy/cookiecutter-pypackage","3.8k"
"Sentdex/pygta5","3.8k"
"Naereen/badges","3.8k"
"pythonprofilers/memory_profiler","3.8k"
"Baekalfen/PyBoy","3.8k"
"pytoolz/toolz","4.2k"
"gnuradio/gnuradio","4.2k"
"intel-analytics/BigDL","4.2k"
"realpython/materials","4.1k"
"miguelgrinberg/microblog","4.1k"
"searxng/searxng","4.1k"
"neozhaoliang/pywonderland","4.1k"
"google/pytype","4.1k"
"Azure/autorest","4.1k"
"IntelLabs/distiller","4.1k"
"pamoroso/free-","3.8k"
"rasbt/","3.8k"
"mongodb/mongo-","3.8k"
"Prodesire/","3.8k"
"PokemonGoF/PokemonGo-Bot","3.8k"
"google/open-location-code","3.8k"
"audreyfeldroy/cookiecutter-pypackage","3.8k"
"Sentdex/pygta5","3.8k"
"Naereen/badges","3.8k"
"Baekalfen/PyBoy","3.8k"
"shobrook/rebound","4k"
"feast-dev/feast","4k"
"ahkarami/Deep-Learning-in-Production","4k"
"Kr1s77/","4k"
"ultrajson/ultrajson","4k"
"bigchaindb/bigchaindb","4k"
"pdm-project/pdm","4k"
"learntocloud/learn-to-cloud","4k"
"biolab/orange3","4k"
"MongoEngine/mongoengine","4k"
"megadose/holehe","4.2k"
"offu/WeRoBot","4.2k"
"jazzband/tablib","4.2k"
"Tribler/tribler","4.2k"
"mhammond/pywin32","4.2k"
"milanm/DevOps-Roadmap","4.2k"
"pytorch/ignite","4.2k"
"mozillazg/","4.2k"
"spec-first/connexion","4.2k"
"jaungiers/LSTM-Neural-Network-for-Time-Series-Prediction","4.2k"
"zpoint/CPython-Internals","3.6k"
"python/peps","3.6k"
"elastic/elasticsearch-dsl-py","3.6k"
"yasoob/intermediate","3.6k"
"lark-parser/lark","3.6k"
"rkern/line_profiler","3.6k"
"spulec/freezegun","3.6k"
"mherrmann/fbs","3.6k"
"geopandas/geopandas","3.6k"
"deepmind/open_spiel","3.6k"
"Rockyzsu/stock","3.9k"
"lk-geimfari/mimesis","3.9k"
"kamyu104/LeetCode-Solutions","3.9k"
"timofurrer/awesome-asyncio","3.9k"
"JWarmenhoven/ISLR-","3.9k"
"pywinauto/pywinauto","3.9k"
"nvdv/vprof","3.9k"
"geopy/geopy","3.9k"
"qtile/qtile","3.9k"
"gitpython-developers/Git","3.9k"
"tortoise/tortoise-orm","3.4k"
"cleardusk/3DDFA","3.4k"
"podgorskiy/ALAE","3.4k"
"bear/","3.4k"
"r0x0r/pywebview","3.4k"
"bchao1/bullet","3.4k"
"wal-e/wal-e","3.4k"
"timofurrer/maya","3.4k"
"beeware/toga","3.4k"
"gaojiuli/toapi","3.4k"
"kamyu104/LeetCode-Solutions","3.9k"
"timofurrer/awesome-asyncio","3.9k"
"JWarmenhoven/ISLR-","3.9k"
"pywinauto/pywinauto","3.9k"
"nvdv/vprof","3.9k"
"geopy/geopy","3.9k"
"qtile/qtile","3.9k"
"gitpython-developers/Git","3.9k"
"NervanaSystems/neon","3.9k"
"elastic/elasticsearch-py","3.9k"
"timofurrer/maya","3.4k"
"beeware/toga","3.4k"
"gaojiuli/toapi","3.4k"
"baidu/lac","3.4k"
"amontalenti/elements-of-","3.4k"
"has2k1/plotnine","3.4k"
"felixrieseberg/windows-build-tools","3.4k"
"awslabs/gluonts","3.4k"
"s16h/py-must-watch","3.4k"
"wechatpy/wechatpy","3.4k"
"ResidentMario/missingno","3.5k"
"fastai/fastpages","3.5k"
"nayuki/QR-Code-generator","3.5k"
"khuyentran1401/Data-science","3.5k"
"jeroenjanssens/data-science-at-the-command-line","3.5k"
"tianocore/edk2","3.4k"
"rspeer/","3.4k"
"eudicots/Cactus","3.4k"
"tensorflow/adanet","3.4k"
"liyupi/mianshiya-public","3.4k"
"microsoft/tensorwatch","3.3k"
"tensorflow/hub","3.3k"
"zeromq/pyzmq","3.3k"
"feeluown/FeelUOwn","3.3k"
"kachayev/fn.py","3.3k"
"aziz/PlainTasks","3.3k"
"aiortc/aiortc","3.3k"
"resumejob/free-project-course","3.3k"
"peterbrittain/asciimatics","3.3k"
"fastai/course-nlp","3.3k"
"deep-learning-with-pytorch/dlwpt-code","3.8k"
"getsentry/responses","3.8k"
"pamoroso/free-","3.8k"
"rasbt/","3.8k"
"mongodb/mongo-","3.8k"
"Prodesire/","3.8k"
"PokemonGoF/PokemonGo-Bot","3.8k"
"google/open-location-code","3.8k"
"audreyfeldroy/cookiecutter-pypackage","3.8k"
"Sentdex/pygta5","3.8k"
"lepture/authlib","3.5k"
"kenshohara/3D-ResNets-PyTorch","3.5k"
"renpy/renpy","3.5k"
"ansible-community/molecule","3.5k"
"rasbt/","3.5k"
"Azure/azure-sdk-for-","3.5k"
"lief-project/LIEF","3.5k"
"rawandahmad698/PyChatGPT","3.5k"
"andri27-ts/Reinforcement-Learning","3.5k"
"mage-ai/mage-ai","3.5k"
"novnc/websockify","3.3k"
"jrjohansson/scientific-","3.3k"
"robertmartin8/PyPortfolioOpt","3.3k"
"mapnik/mapnik","3.3k"
"hudson-and-thames/mlfinlab","3.3k"
"boppreh/keyboard","3.3k"
"kaitai-io/kaitai_struct","3.3k"
"chiphuyen/","3.3k"
"kernc/backtesting.py","3.3k"
"mherrmann/selenium-","3.3k"
"jrjohansson/scientific-","3.3k"
"robertmartin8/PyPortfolioOpt","3.3k"
"mapnik/mapnik","3.3k"
"hudson-and-thames/mlfinlab","3.3k"
"boppreh/keyboard","3.3k"
"kaitai-io/kaitai_struct","3.3k"
"chiphuyen/","3.3k"
"kernc/backtesting.py","3.3k"
"mherrmann/selenium-","3.3k"
"pyrogram/pyrogram","3.3k"
"NELSONZHAO/zhihu","3.4k"
"Wookai/paper-tips-and-tricks","3.4k"
"lidangzzz/How-to-run","3.4k"
"byt3bl33d3r/MITMf","3.4k"
"huashengdun/webssh","3.4k"
"deanmalmgren/textract","3.4k"
"facebookresearch/nevergrad","3.4k"
"h2oai/wave","3.4k"
"ForrestKnight/open-source-cs-","3.4k"
"WeblateOrg/weblate","3.4k"
"lark-parser/lark","3.6k"
"fo40225/tensorflow-windows-wheel","3.6k"
"rkern/line_profiler","3.6k"
"spulec/freezegun","3.6k"
"taoufik07/responder","3.6k"
"mherrmann/fbs","3.6k"
"geopandas/geopandas","3.6k"
"deepmind/open_spiel","3.6k"
"jorisvink/kore","3.6k"
"pythonnet/","3.6k"
"kaitai-io/kaitai_struct","3.3k"
"chiphuyen/","3.3k"
"kernc/backtesting.py","3.3k"
"mherrmann/selenium-","3.3k"
"pyrogram/pyrogram","3.3k"
"urllib3/urllib3","3.3k"
"encode/databases","3.3k"
"motioneye-project/motioneye","3.3k"
"opencv/opencv-","3.3k"
"microsoft/tensorwatch","3.3k"
"ForrestKnight/open-source-cs-","3.4k"
"LizardByte/Sunshine","3.4k"
"WeblateOrg/weblate","3.4k"
"freedomofpress/securedrop","3.4k"
"tortoise/tortoise-orm","3.4k"
"aiogram/aiogram","3.4k"
"cleardusk/3DDFA","3.4k"
"bear/","3.4k"
"r0x0r/pywebview","3.4k"
"bchao1/bullet","3.4k"
"dynaconf/dynaconf","2.9k"
"iswbm/magic-","2.9k"
"prakhar1989/Algorithms","2.9k"
"deanishe/alfred-workflow","2.9k"
"nalepae/pandarallel","2.9k"
"nakov/Practical-Cryptography-for-Developers-Book","2.9k"
"aubio/aubio","2.9k"
"grantjenks/","2.9k"
"jonashaag/bjoern","2.9k"
"pydata/xarray","2.9k"
"0rpc/zerorpc-","3k"
"aksnzhy/xlearn","3k"
"zhaoyingjun/chatbot","3k"
"davidteather/TikTok-Api","3k"
"gaogaotiantian/viztracer","3k"
"viebel/klipse","3k"
"facert/","3k"
"vispy/vispy","3k"
"P0cL4bs/WiFi-Pumpkin-deprecated","3k"
"liuchuo/PAT","3k"
"rspeer/","3.4k"
"eudicots/Cactus","3.4k"
"tensorflow/adanet","3.4k"
"python/typeshed","3.4k"
"arsenetar/dupeguru","3.4k"
"liyupi/mianshiya-public","3.4k"
"coala/coala","3.4k"
"NELSONZHAO/zhihu","3.4k"
"Wookai/paper-tips-and-tricks","3.4k"
"lidangzzz/How-to-run","3.4k"
"andialbrecht/sqlparse","3.2k"
"jmcnamara/XlsxWriter","3.2k"
"jpadilla/django-rest-framework-jwt","3.2k"
"ponyorm/pony","3.2k"
"leon-thomm/Ryven","3.2k"
"pypi/warehouse","3.2k"
"confluentinc/confluent-kafka-","3.1k"
"pika/pika","3.1k"
"seleniumbase/SeleniumBase","3.1k"
"pyqtgraph/pyqtgraph","3.1k"
"aiogram/aiogram","3.4k"
"cleardusk/3DDFA","3.4k"
"podgorskiy/ALAE","3.4k"
"bear/","3.4k"
"r0x0r/pywebview","3.4k"
"bchao1/bullet","3.4k"
"EvanLi/Github-Ranking","3.4k"
"hacs/integration","3.4k"
"wal-e/wal-e","3.4k"
"timofurrer/maya","3.4k"
"fchollet/keras-resources","3.2k"
"markusschanta/awesome-jupyter","3.2k"
"daviddrysdale/","3.2k"
"eon01/kubernetes-workshop","3.2k"
"ZiniuLu/","3.2k"
"initialcommit-com/git-sim","3.2k"
"liyupi/code-roadmap","3.2k"
"websocket-client/websocket-client","3.2k"
"minimaxir/gpt-2-simple","3.2k"
"aimhubio/aim","3.2k"
"pimutils/khal","2.1k"
"milesmcc/shynet","2.1k"
"wemake-services/wemake-","2.1k"
"szcf-weiya/ESL-CN","2.1k"
"lightly-ai/lightly","2.1k"
"wuub/SublimeREPL","2.1k"
"tiangolo/uvicorn-gunicorn-fastapi-docker","2.1k"
"mne-tools/mne-","2.1k"
"achillean/shodan-","2.1k"
"yanx27/Pointnet_Pointnet2_pytorch","2.1k"
"mobolic/facebook-sdk","2.7k"
"Kozea/Radicale","2.7k"
"noirbizarre/flask-restplus","2.7k"
"multiprocessio/datastation","2.7k"
"qbittorrent/search-plugins","2.7k"
"lmacken/pyrasite","2.7k"
"caiorss/Functional-Programming","2.7k"
"rougier/matplotlib-tutorial","2.7k"
"Bogdan-Lyashenko/codecrumbs","2.7k"
"PyCQA/flake8","2.7k"
"barbagroup/CFDPython","2.7k"
"manrajgrover/halo","2.7k"
"ets-labs/","2.7k"
"jrfonseca/gprof2dot","2.7k"
"grantjenks/free-","2.7k"
"douban/dpark","2.7k"
"Netflix/bless","2.7k"
"Jittor/jittor","2.7k"
"djrobstep/migra","2.7k"
"QQuick/Transcrypt","2.7k"
"miso-belica/sumy","3.1k"
"life4/textdistance","3.1k"
"cuemacro/finmarketpy","3.1k"
"joblib/joblib","3.1k"
"antiboredom/videogrep","3.1k"
"FactoryBoy/factory_boy","3.1k"
"PyJun/Mooc_Downloader","3.1k"
"openai/openai-","3k"
"0rpc/zerorpc-","3k"
"aksnzhy/xlearn","3k"
"davidteather/TikTok-Api","3k"
"jmschrei/pomegranate","3k"
"gaogaotiantian/viztracer","3k"
"viebel/klipse","3k"
"P0cL4bs/WiFi-Pumpkin-deprecated","3k"
"liuchuo/PAT","3k"
"iCSToCS/CSBook","3k"
"brennerm/PyTricks","3k"
"praw-dev/praw","3k"
"knownsec/pocsuite3","3k"
