name,stars
donnemartin/system-design-primer,212.0
tensorflow/tensorflow,171.0
CyC2018/CS-Notes,162.0
vinta/awesome-,158.0
ohmyzsh/ohmyzsh,156.0
TheAlgorithms/,154.0
jackfrued/,131.0
huggingface/transformers,82.2
nvbn/thefuck,75.9
django/django,68.9
django/django,68.9
521xueweihan/HelloGitHub,65.3
pytorch/pytorch,63.1
pallets/flask,62.0
home-assistant/core,58.3
keras-team/keras,57.4
ansible/ansible,56.4
tiangolo/fastapi,54.8
scikit-learn/scikit-learn,53.1
python/cpython,50.8
ageitgey/face_recognition,47.4
fighting41love/funNLP,47.0
localstack/localstack,46.0
microsoft/ML-For-Beginners,44.9
aymericdamien/TensorFlow-Examples,42.6
Textualize/rich,42.2
ryanoasis/nerd-fonts,41.8
yt-dlp/yt-dlp,40.8
Avik-Jain/100-Days-Of-ML-Code,39.8
sherlock-project/sherlock,39.3
yt-dlp/yt-dlp,40.8
bregman-arie/devops-exercises,40.3
Avik-Jain/100-Days-Of-ML-Code,39.8
CorentinJ/Real-Time-Voice-Cloning,39.5
sherlock-project/sherlock,39.3
d2l-ai/d2l-zh,38.9
jakevdp/,37.6
grpc/grpc,37.1
faif/,36.7
youngyangyang04/leetcode-master,35.8
apache/spark,35.1
apachecn/ailearning,34.7
serhii-londar/open-source-mac-os-apps,34.2
getsentry/sentry,33.3
GokuMohandas/Made-With-ML,32.6
satwikkansal/wtfpython,32.4
gto76/,31.7
psf/black,31.4
blueimp/jQuery-File-Upload,31.1
pyenv/pyenv,30.7
odoo/odoo,28.2
ccxt/ccxt,27.4
geekcomputers/,27.2
donnemartin/interactive-coding-challenges,26.9
httpie/httpie,26.5
sqlmapproject/sqlmap,26.2
realpython/,25.9
SeleniumHQ/selenium,25.9
jobbole/awesome-,25.9
CamDavidsonPilon/Probabilistic-Programming-and-Bayesian-Methods-for-Hackers,25.3
donnemartin/interactive-coding-challenges,26.9
httpie/httpie,26.5
sqlmapproject/sqlmap,26.2
realpython/,25.9
SeleniumHQ/selenium,25.9
jobbole/awesome-,25.9
CamDavidsonPilon/Probabilistic-Programming-and-Bayesian-Methods-for-Hackers,25.3
explosion/spaCy,25.3
encode/django-rest-framework,25.0
ageron/handson-ml,25.0
google/,24.0
dmlc/xgboost,23.8
python-poetry/poetry,23.8
pypa/pipenv,23.6
fastai/fastai,23.4
Pierian-Data/Complete-,23.1
Ebazhanov/linkedin-skill-assessments-quizzes,23.0
numpy/numpy,22.8
getredash/redash,22.7
zhiwehu/,22.6
Pierian-Data/Complete-,23.1
Ebazhanov/linkedin-skill-assessments-quizzes,23.0
streamlit/streamlit,22.8
numpy/numpy,22.8
getredash/redash,22.7
zhiwehu/,22.6
StevenBlack/hosts,22.4
nicolargo/glances,22.3
taichi-dev/taichi,22.3
keon/algorithms,22.2
Asabeneh/30-Days-Of-,19.2
cookiecutter/cookiecutter,19.0
wesm/pydata-book,18.9
dennybritz/reinforcement-learning,18.7
facert/awesome-spider,18.7
oracle/graal,18.2
plotly/dash,18.1
saleor/saleor,18.1
microsoft/Data-Science-For-Beginners,18.0
spmallick/learnopencv,18.0
PaddlePaddle/Paddle,19.6
MLEveryday/100-Days-Of-ML-Code,19.5
OpenBB-finance/OpenBBTerminal,19.3
GitHubDaily/GitHubDaily,19.3
Asabeneh/30-Days-Of-,19.2
wesm/pydata-book,18.9
dennybritz/reinforcement-learning,18.7
facert/awesome-spider,18.7
oracle/graal,18.2
plotly/dash,18.1
Asabeneh/30-Days-Of-,19.2
cookiecutter/cookiecutter,19.0
wesm/pydata-book,18.9
dennybritz/reinforcement-learning,18.7
facert/awesome-spider,18.7
oracle/graal,18.2
plotly/dash,18.1
saleor/saleor,18.1
microsoft/Data-Science-For-Beginners,18.0
spmallick/learnopencv,18.0
bokeh/bokeh,17.3
zulip/zulip,17.2
JaidedAI/EasyOCR,17.1
jhao104/proxy_pool,17.1
matplotlib/matplotlib,16.9
LAION-AI/Open-Assistant,16.9
sanic-org/sanic,16.9
fchollet/deep-learning-with-,16.5
spotify/luigi,16.3
reddit-archive/reddit,16.3
JaidedAI/EasyOCR,17.1
jhao104/proxy_pool,17.1
matplotlib/matplotlib,16.9
LAION-AI/Open-Assistant,16.9
sanic-org/sanic,16.9
d2l-ai/d2l-en,16.6
fchollet/deep-learning-with-,16.5
spotify/luigi,16.3
reddit-archive/reddit,16.3
instillai/TensorFlow-Course,16.3
InstaPy/InstaPy,15.1
imarvinle/awesome-cs-books,15.1
python/mypy,14.9
Kr1s77/awesome-,14.9
wting/autojump,14.7
nim-lang/Nim,14.7
microsoft/LightGBM,14.7
kovidgoyal/calibre,14.5
twintproject/twint,14.4
pola-rs/polars,14.4
xbmc/xbmc,15.4
ArchiveBox/ArchiveBox,15.2
pulumi/pulumi,15.2
microsoft/recommenders,15.1
InstaPy/InstaPy,15.1
imarvinle/awesome-cs-books,15.1
python/mypy,14.9
Kr1s77/awesome-,14.9
wting/autojump,14.7
microsoft/LightGBM,14.7
pyecharts/pyecharts,13.2
ManimCommunity/manim,13.2
google/yapf,13.1
saltstack/salt,13.1
gradio-app/gradio,13.0
plotly/plotly.py,13.0
psf/requests-html,13.0
RunaCapital/awesome-oss-alternatives,12.9
dragen1860/Deep-Learning-with-TensorFlow-book,12.9
frappe/erpnext,12.9
virgili0/Virgilio,13.4
aio-libs/aiohttp,13.3
rlabbe/Kalman-and-Bayesian-Filters-in-,13.3
CoatiSoftware/Sourcetrail,13.3
pyecharts/pyecharts,13.2
ManimCommunity/manim,13.2
google/yapf,13.1
saltstack/salt,13.1
gradio-app/gradio,13.0
plotly/plotly.py,13.0
google/yapf,13.1
saltstack/salt,13.1
gradio-app/gradio,13.0
plotly/plotly.py,13.0
psf/requests-html,13.0
gunthercox/ChatterBot,12.9
RunaCapital/awesome-oss-alternatives,12.9
dragen1860/Deep-Learning-with-TensorFlow-book,12.9
frappe/erpnext,12.9
deeplearning4j/deeplearning4j,12.8
searx/searx,12.6
microsoft/nni,12.5
codelucas/newspaper,12.5
Rapptz/discord.py,12.3
networkx/networkx,12.3
pybind/pybind11,12.2
Python-World/,12.2
ShangtongZhang/reinforcement-learning-an-introduction,12.1
netbox-community/netbox,12.1
waditu/tushare,12.0
pydantic/pydantic,12.6
sivel/speedtest-cli,12.6
searx/searx,12.6
microsoft/nni,12.5
codelucas/newspaper,12.5
Rapptz/discord.py,12.3
networkx/networkx,12.3
pybind/pybind11,12.2
Python-World/,12.2
ShangtongZhang/reinforcement-learning-an-introduction,12.1
albumentations-team/albumentations,11.6
meolu/walle-web,11.6
SFTtech/openage,11.6
nltk/nltk,11.6
Ciphey/Ciphey,11.5
wifiphisher/wifiphisher,11.5
postmanlabs/httpbin,11.5
kitao/pyxel,11.4
forthespada/CS-Books,11.4
getpelican/pelican,11.4
apple/turicreate,10.9
dbcli/pgcli,10.9
ctgk/PRML,10.9
scipy/scipy,10.9
threat9/routersploit,10.9
spotify/annoy,10.8
dbcli/mycli,10.8
dask/dask,10.8
apachecn/apachecn-algo-zh,10.7
fortra/impacket,10.7
postmanlabs/httpbin,11.5
beetbox/beets,11.5
kitao/pyxel,11.4
forthespada/CS-Books,11.4
getpelican/pelican,11.4
allenai/allennlp,11.4
PrefectHQ/prefect,11.4
PySimpleGUI/PySimpleGUI,11.3
redis/redis-py,11.2
tiangolo/full-stack-fastapi-postgresql,11.2
benoitc/gunicorn,8.8
rq/rq,8.8
MrS0m30n3/youtube-dl-gui,8.7
keras-team/autokeras,8.7
30-seconds/30-seconds-of-,8.7
httpie/http-prompt,8.7
Yorko/mlcourse.ai,8.6
squeaky-pl/japronto,8.6
OpenMined/PySyft,8.6
coqui-ai/TTS,8.6
cookiecutter/cookiecutter-django,10.2
chiphuyen/stanford-tensorflow-tutorials,10.2
bloomberg/memray,10.2
Zulko/moviepy,10.1
encode/httpx,10.1
mementum/backtrader,10.1
amusi/CVPR2022-Papers-with-Code,10.1
pyinstaller/pyinstaller,10.0
caprover/caprover,10.0
rougier/numpy-100,9.9
matrix-org/synapse,10.6
google/grumpy,10.6
python-pillow/Pillow,10.5
tiangolo/typer,10.5
MorvanZhou/tutorials,10.5
mwaskom/seaborn,10.4
microsoft/qlib,10.4
ydataai/ydata-profiling,10.2
cookiecutter/cookiecutter-django,10.2
chiphuyen/stanford-tensorflow-tutorials,10.2
pyodide/pyodide,9.6
bbfamily/abu,9.6
smartcontractkit/full-blockchain-solidity-course-py,9.6
arthurspk/guiadevbrasil,9.6
darknessomi/musicbox,9.6
aws/chalice,9.5
tweepy/tweepy,9.5
x-hw/amazing-qr,9.5
ritchieng/the-incredible-pytorch,9.4
tiangolo/sqlmodel,9.4
pytest-dev/pytest,9.8
pre-commit/pre-commit,9.8
coleifer/peewee,9.8
harelba/q,9.8
wkentaro/labelme,9.8
qeeqbox/social-analyzer,9.8
codota/TabNine,9.8
microsoft/pyright,9.8
benfred/py-spy,9.8
airbytehq/airbyte,9.7
hoffstadt/DearPyGui,9.7
Theano/Theano,9.7
pyodide/pyodide,9.6
bbfamily/abu,9.6
smartcontractkit/full-blockchain-solidity-course-py,9.6
arthurspk/guiadevbrasil,9.6
darknessomi/musicbox,9.6
aws/chalice,9.5
tweepy/tweepy,9.5
x-hw/amazing-qr,9.5
ritchieng/the-incredible-pytorch,9.4
tiangolo/sqlmodel,9.4
s0md3v/Photon,9.4
sfyc23/EverydayWechat,9.4
amueller/word_cloud,9.3
maurosoria/dirsearch,9.3
fastai/numerical-linear-algebra,9.2
smicallef/spiderfoot,9.2
kanaka/mal,9.2
MagicStack/uvloop,9.2
rougier/scientific-visualization-book,8.8
lk-geimfari/awesomo,8.8
benoitc/gunicorn,8.8
AkashSingh3031/The-Complete-FAANG-Preparation,8.8
rq/rq,8.8
ludwig-ai/ludwig,8.8
MrS0m30n3/youtube-dl-gui,8.7
assimp/assimp,8.7
30-seconds/30-seconds-of-,8.7
httpie/http-prompt,8.7
pallets/jinja,9.1
falconry/falcon,9.0
ranaroussi/yfinance,9.0
coursera-dl/coursera-dl,9.0
charliermarsh/ruff,9.0
EpistasisLab/tpot,9.0
microsoft/computervision-recipes,8.8
seatgeek/fuzzywuzzy,8.8
tennc/webshell,8.8
rougier/scientific-visualization-book,8.8
lk-geimfari/awesomo,8.8
benoitc/gunicorn,8.8
AkashSingh3031/The-Complete-FAANG-Preparation,8.8
rq/rq,8.8
ludwig-ai/ludwig,8.8
MrS0m30n3/youtube-dl-gui,8.7
keras-team/autokeras,8.7
assimp/assimp,8.7
30-seconds/30-seconds-of-,8.7
httpie/http-prompt,8.7
pyroscope-io/pyroscope,7.1
simonw/datasette,7.1
benbusby/whoogle-search,7.1
awsdocs/aws-doc-sdk-examples,7.1
jupyterhub/jupyterhub,7.1
ipkn/crow,7.1
ajenti/ajenti,7.0
Jack-Cherish/Machine-Learning,7.0
deepset-ai/haystack,7.0
Porchetta-Industries/CrackMapExec,7.0
xonsh/xonsh,6.8
matplotlib/cheatsheets,6.8
rasbt/,6.8
Jack-Cherish/,6.7
firmai/industry-machine-learning,6.7
mozilla/TTS,6.7
hugapi/hug,6.7
houtianze/bypy,6.7
cupy/cupy,6.7
xianhu/Learn,6.7
arrow-py/arrow,8.2
statsmodels/statsmodels,8.2
hardikvasa/google-images-download,8.2
krahets/hello-algo,8.2
DeviaVir/zenbot,8.2
paramiko/paramiko,8.2
prompt-toolkit/,8.2
soxoj/maigret,8.1
kedro-org/kedro,8.1
isl-org/Open3D,8.1
laramies/theHarvester,8.1
injetlee/,8.1
microsoft/playwright-,8.1
altair-viz/altair,8.1
wangshub/Douyin-Bot,8.1
pytube/pytube,8.1
miguelgrinberg/flasky,8.1
beautify-web/js-beautify,8.0
apachecn/Interview,8.0
fail2ban/fail2ban,8.0
donnemartin/gitsome,7.4
jackzhenguo/,7.4
doccano/doccano,7.4
kivy/,7.4
a1studmuffin/SpaceshipGenerator,7.3
pymc-devs/pymc,7.3
dvf/blockchain,7.3
MorvanZhou/PyTorch-Tutorial,7.3
lazyprogrammer/machine_learning_examples,7.3
OctoPrint/OctoPrint,7.2
python-visualization/folium,6.1
GoogleCloudPlatform/,6.1
lining0806/,6.1
mahmoud/boltons,6.1
kellyjonbrazil/jc,6.1
domlysz/BlenderGIS,6.0
akfamily/akshare,6.0
pypa/pipx,6.0
jvns/pandas-cookbook,6.0
b-ryan/powerline-shell,6.0
crazyguitar/pysheeet,7.6
OlafenwaMoses/ImageAI,7.6
caronc/apprise,7.5
microsoft/c9-,7.5
samshadwell/TrumpScript,7.5
n1nj4sec/pupy,7.5
TA-Lib/ta-lib-,7.5
LonamiWebs/Telethon,7.5
kyleconroy/sqlc,7.5
readthedocs/readthedocs.org,7.5
robinhood/faust,6.5
stanfordnlp/stanza,6.5
boto/boto,6.5
brycedrennan/imaginAIry,6.5
oldratlee/useful-scripts,6.5
SerpentAI/SerpentAI,6.4
marshmallow-code/marshmallow,6.4
Netflix/metaflow,6.4
saulpw/visidata,6.4
googleapis/google-api-,6.3
jackfrued/,6.9
pycaret/pycaret,6.9
instillai/machine-learning-course,6.9
EZFNDEV/EZFN-Lobbybot,6.9
EmpireProject/Empire,6.8
sqlalchemy/sqlalchemy,6.8
xonsh/xonsh,6.8
Uberi/speech_recognition,6.8
matplotlib/cheatsheets,6.8
rasbt/,6.8
firmai/industry-machine-learning,6.7
mozilla/TTS,6.7
hugapi/hug,6.7
houtianze/bypy,6.7
xianhu/Learn,6.7
bregman-arie/devops-resources,6.7
albertlauncher/albert,6.6
gruns/icecream,6.6
hyperopt/hyperopt,6.6
dagster-io/dagster,6.6
deepset-ai/haystack,7.0
catboost/catboost,7.0
Porchetta-Industries/CrackMapExec,7.0
aimacode/aima-,7.0
kennethreitz/records,6.9
jackfrued/,6.9
pycaret/pycaret,6.9
instillai/machine-learning-course,6.9
EZFNDEV/EZFN-Lobbybot,6.9
EmpireProject/Empire,6.8
lining0806/,6.1
lancopku/pkuseg-,6.1
mahmoud/boltons,6.1
kellyjonbrazil/jc,6.1
domlysz/BlenderGIS,6.0
pypa/pipx,6.0
jvns/pandas-cookbook,6.0
google/latexify_py,6.0
b-ryan/powerline-shell,6.0
isnowfy/snownlp,6.0
houtianze/bypy,6.7
cupy/cupy,6.7
xianhu/Learn,6.7
bregman-arie/devops-resources,6.7
jazzband/pip-tools,6.6
albertlauncher/albert,6.6
gruns/icecream,6.6
hyperopt/hyperopt,6.6
dagster-io/dagster,6.6
pyeve/eve,6.6
joeyespo/grip,5.9
gevent/gevent,5.9
donnemartin/dev-setup,5.9
snare/voltron,5.9
esphome/esphome,5.9
wbt5/real-url,5.9
Shougo/deoplete.nvim,5.9
tangyudi/Ai-Learn,5.8
mwouts/jupytext,5.8
PyGithub/PyGithub,5.8
docker/docker-py,6.1
1adrianb/face-alignment,6.1
python-visualization/folium,6.1
xiaolincoder/CS-Base,6.1
GoogleCloudPlatform/,6.1
lining0806/,6.1
lancopku/pkuseg-,6.1
kellyjonbrazil/jc,6.1
domlysz/BlenderGIS,6.0
akfamily/akshare,6.0
jvns/pandas-cookbook,6.0
google/latexify_py,6.0
b-ryan/powerline-shell,6.0
isnowfy/snownlp,6.0
worldveil/dejavu,6.0
shmilylty/OneForAll,6.0
codebasics/py,6.0
volatilityfoundation/volatility,6.0
linkedin/school-of-sre,6.0
satellite-image-deep-learning/techniques,6.0
lutris/lutris,6.2
aws/aws-sam-cli,6.2
Datalux/Osintgram,6.2
k4yt3x/video2x,6.2
spesmilo/electrum,6.2
encode/uvicorn,6.2
MycroftAI/mycroft-core,6.2
h2oai/h2o-3,6.2
docker/docker-py,6.1
1adrianb/face-alignment,6.1
python-visualization/folium,6.1
xiaolincoder/CS-Base,6.1
GoogleCloudPlatform/,6.1
lining0806/,6.1
lancopku/pkuseg-,6.1
mahmoud/boltons,6.1
kellyjonbrazil/jc,6.1
domlysz/BlenderGIS,6.0
akfamily/akshare,6.0
pypa/pipx,6.0
twisted/twisted,5.0
openatx/uiautomator2,5.0
ZheC/Realtime_Multi-Person_Pose_Estimation,4.9
pyston/pyston_v1,4.9
miguelgrinberg/Flask-SocketIO,4.9
Leo-G/Data-Science-Wiki,4.9
hustcc/JS-Sorting-Algorithm,4.9
minimaxir/textgenrnn,4.9
mdbloice/Augmentor,4.9
agronholm/apscheduler,4.9
rhiever/Data-Analysis-and-Machine-Learning-Projects,5.5
kubernetes-client/,5.5
python-eel/Eel,5.5
chyroc/WechatSogou,5.5
arachnys/cabot,5.4
unit8co/darts,5.4
StackStorm/st2,5.4
python-mode/,5.4
pyenv/pyenv-virtualenv,5.4
pyca/cryptography,5.4
rfyiamcool/share_ppt,4.8
kenwoodjw/,4.8
garrettj403/SciencePlots,4.8
quantopian/pyfolio,4.8
cloudtools/troposphere,4.8
apachecn/sklearn-doc-zh,4.8
0x5e/wechat-deleted-friends,4.8
c-bata/go-prompt,4.8
ricequant/rqalpha,4.8
PyCQA/pycodestyle,4.8
michaelliao/learn-,5.8
chainer/chainer,5.8
pygame/pygame,5.7
dformoso/machine-learning-mindmap,5.7
vibora-io/vibora,5.7
NicolasHug/Surprise,5.7
py-why/dowhy,5.7
theskumar/,5.7
msiemens/tinydb,5.7
librosa/librosa,5.7
gorakhargosh/watchdog,5.7
exaloop/codon,5.7
PyCQA/isort,5.6
persepolisdm/persepolis,5.6
jerry-git/learn-,5.6
serengil/deepface,5.6
graphite-project/graphite-web,5.6
yoshiko2/Movie_Data_Capture,5.6
PipedreamHQ/pipedream,5.6
encode/apistar,5.6
TonyChen56/WeChatRobot,5.1
DLR-RM/stable-baselines3,5.0
Mr-xn/Penetration_Testing_POC,5.0
MingchaoZhu/DeepLearning,5.0
aidlearning/AidLearning-FrameWork,5.0
navdeep-G/setup.py,5.0
buildbot/buildbot,5.0
DEAP/deap,5.0
fogleman/Minecraft,5.0
PyCQA/bandit,5.0
sammchardy/,5.1
martinblech/xmltodict,5.1
TonyChen56/WeChatRobot,5.1
DLR-RM/stable-baselines3,5.0
Mr-xn/Penetration_Testing_POC,5.0
MingchaoZhu/DeepLearning,5.0
PyQt5/PyQt,5.0
aidlearning/AidLearning-FrameWork,5.0
navdeep-G/setup.py,5.0
buildbot/buildbot,5.0
DEAP/deap,5.0
fogleman/Minecraft,5.0
PyCQA/bandit,5.0
stamparm/maltrail,5.0
gaia-pipeline/gaia,5.0
twisted/twisted,5.0
euske/pdfminer,5.0
alirezamika/autoscraper,5.0
ZheC/Realtime_Multi-Person_Pose_Estimation,4.9
pyston/pyston_v1,4.9
liangliangyy/DjangoBlog,5.2
python-trio/trio,5.2
tyiannak/pyAudioAnalysis,5.1
axa-group/Parsr,5.1
joerick/pyinstrument,5.1
dpkp/kafka-,5.1
connorferster/handcalcs,5.1
nteract/papermill,5.1
donnemartin/saws,5.1
sammchardy/,5.1
miguelgrinberg/Flask-SocketIO,4.9
Leo-G/Data-Science-Wiki,4.9
phusion/passenger,4.9
hustcc/JS-Sorting-Algorithm,4.9
oppia/oppia,4.9
minimaxir/textgenrnn,4.9
mdbloice/Augmentor,4.9
rfyiamcool/share_ppt,4.8
kenwoodjw/,4.8
garrettj403/SciencePlots,4.8
rfyiamcool/share_ppt,4.8
kenwoodjw/,4.8
garrettj403/SciencePlots,4.8
apptension/developer-handbook,4.8
quantopian/pyfolio,4.8
cloudtools/troposphere,4.8
apachecn/sklearn-doc-zh,4.8
0x5e/wechat-deleted-friends,4.8
c-bata/go-prompt,4.8
ricequant/rqalpha,4.8
CharlesPikachu/Games,4.3
Qix-/better-exceptions,4.3
OmkarPathak/pygorithm,4.3
PyImageSearch/imutils,4.3
spotipy-dev/spotipy,4.3
Alfred1984/interesting-,4.3
cookiecutter-flask/cookiecutter-flask,4.3
EZLippi/practical-programming-books,4.3
schenkd/nginx-ui,4.3
ijl/orjson,4.3
michael-lazar/rtv,4.6
Ultimaker/Cura,4.6
indygreg/PyOxidizer,4.5
astorfi/TensorFlow-World,4.5
jpadilla/pyjwt,4.5
jd/tenacity,4.5
moranzcw/Computer-Networking-A-Top-Down-Approach-NOTES,4.5
hylang/hy,4.5
BrambleXu/pydata-notebook,4.5
jesse-ai/jesse,4.5
BrambleXu/pydata-notebook,4.5
jesse-ai/jesse,4.5
frappe/frappe,4.5
Dujltqzv/Some-Many-Books,4.5
MegEngine/MegEngine,4.5
bottlesdevs/Bottles,4.5
careercup/CtCI-6th-Edition-,4.4
lux-org/lux,4.4
wisdompeak/LeetCode,4.4
vyperlang/vyper,4.4
spec-first/connexion,4.2
jaungiers/LSTM-Neural-Network-for-Time-Series-Prediction,4.2
BoltzmannEntropy/interviews.ai,4.2
pdfminer/pdfminer.six,4.2
rsalmei/alive-progress,4.2
pytoolz/toolz,4.2
gnuradio/gnuradio,4.2
intel-analytics/BigDL,4.2
realpython/materials,4.1
miguelgrinberg/microblog,4.1
indygreg/PyOxidizer,4.5
astorfi/TensorFlow-World,4.5
jpadilla/pyjwt,4.5
jd/tenacity,4.5
Yixiaohan/codeparkshare,4.5
moranzcw/Computer-Networking-A-Top-Down-Approach-NOTES,4.5
hylang/hy,4.5
BrambleXu/pydata-notebook,4.5
jesse-ai/jesse,4.5
nameko/nameko,4.5
Ultimaker/Cura,4.6
indygreg/PyOxidizer,4.5
astorfi/TensorFlow-World,4.5
jpadilla/pyjwt,4.5
jd/tenacity,4.5
Yixiaohan/codeparkshare,4.5
moranzcw/Computer-Networking-A-Top-Down-Approach-NOTES,4.5
hylang/hy,4.5
BrambleXu/pydata-notebook,4.5
jesse-ai/jesse,4.5
pamoroso/free-,3.8
rasbt/,3.8
mongodb/mongo-,3.8
PokemonGoF/PokemonGo-Bot,3.8
google/open-location-code,3.8
audreyfeldroy/cookiecutter-pypackage,3.8
Sentdex/pygta5,3.8
Naereen/badges,3.8
pythonprofilers/memory_profiler,3.8
Baekalfen/PyBoy,3.8
pytoolz/toolz,4.2
gnuradio/gnuradio,4.2
intel-analytics/BigDL,4.2
realpython/materials,4.1
miguelgrinberg/microblog,4.1
searxng/searxng,4.1
neozhaoliang/pywonderland,4.1
google/pytype,4.1
Azure/autorest,4.1
IntelLabs/distiller,4.1
pamoroso/free-,3.8
rasbt/,3.8
mongodb/mongo-,3.8
Prodesire/,3.8
PokemonGoF/PokemonGo-Bot,3.8
google/open-location-code,3.8
audreyfeldroy/cookiecutter-pypackage,3.8
Sentdex/pygta5,3.8
Naereen/badges,3.8
Baekalfen/PyBoy,3.8
shobrook/rebound,4.0
feast-dev/feast,4.0
ahkarami/Deep-Learning-in-Production,4.0
Kr1s77/,4.0
ultrajson/ultrajson,4.0
bigchaindb/bigchaindb,4.0
pdm-project/pdm,4.0
learntocloud/learn-to-cloud,4.0
biolab/orange3,4.0
MongoEngine/mongoengine,4.0
megadose/holehe,4.2
offu/WeRoBot,4.2
jazzband/tablib,4.2
Tribler/tribler,4.2
mhammond/pywin32,4.2
milanm/DevOps-Roadmap,4.2
pytorch/ignite,4.2
mozillazg/,4.2
spec-first/connexion,4.2
jaungiers/LSTM-Neural-Network-for-Time-Series-Prediction,4.2
zpoint/CPython-Internals,3.6
python/peps,3.6
elastic/elasticsearch-dsl-py,3.6
yasoob/intermediate,3.6
lark-parser/lark,3.6
rkern/line_profiler,3.6
spulec/freezegun,3.6
mherrmann/fbs,3.6
geopandas/geopandas,3.6
deepmind/open_spiel,3.6
Rockyzsu/stock,3.9
lk-geimfari/mimesis,3.9
kamyu104/LeetCode-Solutions,3.9
timofurrer/awesome-asyncio,3.9
JWarmenhoven/ISLR-,3.9
pywinauto/pywinauto,3.9
nvdv/vprof,3.9
geopy/geopy,3.9
qtile/qtile,3.9
gitpython-developers/Git,3.9
tortoise/tortoise-orm,3.4
cleardusk/3DDFA,3.4
podgorskiy/ALAE,3.4
bear/,3.4
r0x0r/pywebview,3.4
bchao1/bullet,3.4
wal-e/wal-e,3.4
timofurrer/maya,3.4
beeware/toga,3.4
gaojiuli/toapi,3.4
kamyu104/LeetCode-Solutions,3.9
timofurrer/awesome-asyncio,3.9
JWarmenhoven/ISLR-,3.9
pywinauto/pywinauto,3.9
nvdv/vprof,3.9
geopy/geopy,3.9
qtile/qtile,3.9
gitpython-developers/Git,3.9
NervanaSystems/neon,3.9
elastic/elasticsearch-py,3.9
timofurrer/maya,3.4
beeware/toga,3.4
gaojiuli/toapi,3.4
baidu/lac,3.4
amontalenti/elements-of-,3.4
has2k1/plotnine,3.4
felixrieseberg/windows-build-tools,3.4
awslabs/gluonts,3.4
s16h/py-must-watch,3.4
wechatpy/wechatpy,3.4
ResidentMario/missingno,3.5
fastai/fastpages,3.5
nayuki/QR-Code-generator,3.5
khuyentran1401/Data-science,3.5
jeroenjanssens/data-science-at-the-command-line,3.5
tianocore/edk2,3.4
rspeer/,3.4
eudicots/Cactus,3.4
tensorflow/adanet,3.4
liyupi/mianshiya-public,3.4
microsoft/tensorwatch,3.3
tensorflow/hub,3.3
zeromq/pyzmq,3.3
feeluown/FeelUOwn,3.3
kachayev/fn.py,3.3
aziz/PlainTasks,3.3
aiortc/aiortc,3.3
resumejob/free-project-course,3.3
peterbrittain/asciimatics,3.3
fastai/course-nlp,3.3
deep-learning-with-pytorch/dlwpt-code,3.8
getsentry/responses,3.8
pamoroso/free-,3.8
rasbt/,3.8
mongodb/mongo-,3.8
Prodesire/,3.8
PokemonGoF/PokemonGo-Bot,3.8
google/open-location-code,3.8
audreyfeldroy/cookiecutter-pypackage,3.8
Sentdex/pygta5,3.8
lepture/authlib,3.5
kenshohara/3D-ResNets-PyTorch,3.5
renpy/renpy,3.5
ansible-community/molecule,3.5
rasbt/,3.5
Azure/azure-sdk-for-,3.5
lief-project/LIEF,3.5
rawandahmad698/PyChatGPT,3.5
andri27-ts/Reinforcement-Learning,3.5
mage-ai/mage-ai,3.5
novnc/websockify,3.3
jrjohansson/scientific-,3.3
robertmartin8/PyPortfolioOpt,3.3
mapnik/mapnik,3.3
hudson-and-thames/mlfinlab,3.3
boppreh/keyboard,3.3
kaitai-io/kaitai_struct,3.3
chiphuyen/,3.3
kernc/backtesting.py,3.3
mherrmann/selenium-,3.3
jrjohansson/scientific-,3.3
robertmartin8/PyPortfolioOpt,3.3
mapnik/mapnik,3.3
hudson-and-thames/mlfinlab,3.3
boppreh/keyboard,3.3
kaitai-io/kaitai_struct,3.3
chiphuyen/,3.3
kernc/backtesting.py,3.3
mherrmann/selenium-,3.3
pyrogram/pyrogram,3.3
NELSONZHAO/zhihu,3.4
Wookai/paper-tips-and-tricks,3.4
lidangzzz/How-to-run,3.4
byt3bl33d3r/MITMf,3.4
huashengdun/webssh,3.4
deanmalmgren/textract,3.4
facebookresearch/nevergrad,3.4
h2oai/wave,3.4
ForrestKnight/open-source-cs-,3.4
WeblateOrg/weblate,3.4
lark-parser/lark,3.6
fo40225/tensorflow-windows-wheel,3.6
rkern/line_profiler,3.6
spulec/freezegun,3.6
taoufik07/responder,3.6
mherrmann/fbs,3.6
geopandas/geopandas,3.6
deepmind/open_spiel,3.6
jorisvink/kore,3.6
pythonnet/,3.6
kaitai-io/kaitai_struct,3.3
chiphuyen/,3.3
kernc/backtesting.py,3.3
mherrmann/selenium-,3.3
pyrogram/pyrogram,3.3
urllib3/urllib3,3.3
encode/databases,3.3
motioneye-project/motioneye,3.3
opencv/opencv-,3.3
microsoft/tensorwatch,3.3
ForrestKnight/open-source-cs-,3.4
LizardByte/Sunshine,3.4
WeblateOrg/weblate,3.4
freedomofpress/securedrop,3.4
tortoise/tortoise-orm,3.4
aiogram/aiogram,3.4
cleardusk/3DDFA,3.4
bear/,3.4
r0x0r/pywebview,3.4
bchao1/bullet,3.4
dynaconf/dynaconf,2.9
iswbm/magic-,2.9
prakhar1989/Algorithms,2.9
deanishe/alfred-workflow,2.9
nalepae/pandarallel,2.9
nakov/Practical-Cryptography-for-Developers-Book,2.9
aubio/aubio,2.9
grantjenks/,2.9
jonashaag/bjoern,2.9
pydata/xarray,2.9
0rpc/zerorpc-,3.0
aksnzhy/xlearn,3.0
zhaoyingjun/chatbot,3.0
davidteather/TikTok-Api,3.0
gaogaotiantian/viztracer,3.0
viebel/klipse,3.0
facert/,3.0
vispy/vispy,3.0
P0cL4bs/WiFi-Pumpkin-deprecated,3.0
liuchuo/PAT,3.0
rspeer/,3.4
eudicots/Cactus,3.4
tensorflow/adanet,3.4
python/typeshed,3.4
arsenetar/dupeguru,3.4
liyupi/mianshiya-public,3.4
coala/coala,3.4
NELSONZHAO/zhihu,3.4
Wookai/paper-tips-and-tricks,3.4
lidangzzz/How-to-run,3.4
andialbrecht/sqlparse,3.2
jmcnamara/XlsxWriter,3.2
jpadilla/django-rest-framework-jwt,3.2
ponyorm/pony,3.2
leon-thomm/Ryven,3.2
pypi/warehouse,3.2
confluentinc/confluent-kafka-,3.1
pika/pika,3.1
seleniumbase/SeleniumBase,3.1
pyqtgraph/pyqtgraph,3.1
aiogram/aiogram,3.4
cleardusk/3DDFA,3.4
podgorskiy/ALAE,3.4
bear/,3.4
r0x0r/pywebview,3.4
bchao1/bullet,3.4
EvanLi/Github-Ranking,3.4
hacs/integration,3.4
wal-e/wal-e,3.4
timofurrer/maya,3.4
fchollet/keras-resources,3.2
markusschanta/awesome-jupyter,3.2
daviddrysdale/,3.2
eon01/kubernetes-workshop,3.2
ZiniuLu/,3.2
initialcommit-com/git-sim,3.2
liyupi/code-roadmap,3.2
websocket-client/websocket-client,3.2
minimaxir/gpt-2-simple,3.2
aimhubio/aim,3.2
pimutils/khal,2.1
milesmcc/shynet,2.1
wemake-services/wemake-,2.1
szcf-weiya/ESL-CN,2.1
lightly-ai/lightly,2.1
wuub/SublimeREPL,2.1
tiangolo/uvicorn-gunicorn-fastapi-docker,2.1
mne-tools/mne-,2.1
achillean/shodan-,2.1
yanx27/Pointnet_Pointnet2_pytorch,2.1
mobolic/facebook-sdk,2.7
Kozea/Radicale,2.7
noirbizarre/flask-restplus,2.7
multiprocessio/datastation,2.7
qbittorrent/search-plugins,2.7
lmacken/pyrasite,2.7
caiorss/Functional-Programming,2.7
rougier/matplotlib-tutorial,2.7
Bogdan-Lyashenko/codecrumbs,2.7
PyCQA/flake8,2.7
barbagroup/CFDPython,2.7
manrajgrover/halo,2.7
ets-labs/,2.7
jrfonseca/gprof2dot,2.7
grantjenks/free-,2.7
douban/dpark,2.7
Netflix/bless,2.7
Jittor/jittor,2.7
djrobstep/migra,2.7
QQuick/Transcrypt,2.7
miso-belica/sumy,3.1
life4/textdistance,3.1
cuemacro/finmarketpy,3.1
joblib/joblib,3.1
antiboredom/videogrep,3.1
FactoryBoy/factory_boy,3.1
PyJun/Mooc_Downloader,3.1
openai/openai-,3.0
0rpc/zerorpc-,3.0
aksnzhy/xlearn,3.0
davidteather/TikTok-Api,3.0
jmschrei/pomegranate,3.0
gaogaotiantian/viztracer,3.0
viebel/klipse,3.0
P0cL4bs/WiFi-Pumpkin-deprecated,3.0
liuchuo/PAT,3.0
iCSToCS/CSBook,3.0
brennerm/PyTricks,3.0
praw-dev/praw,3.0
knownsec/pocsuite3,3.0
